language,id,text,file,node,lineNumber,lock,comment
en,line:0da7a41,You: How are you?,C:\Users\pluis\Documents\GitHub\Apocalypse\Apocalypse-Backup\ApocalypseGame\Assets\Dialogue\Basement_EN.yarn,TheBoy,3,e6d2d711,
en,line:063bfbe,Boy: A bit better,C:\Users\pluis\Documents\GitHub\Apocalypse\Apocalypse-Backup\ApocalypseGame\Assets\Dialogue\Basement_EN.yarn,TheBoy,4,dc127c46,
en,line:00d13c1,Boy: I'm at least doing better than him,C:\Users\pluis\Documents\GitHub\Apocalypse\Apocalypse-Backup\ApocalypseGame\Assets\Dialogue\Basement_EN.yarn,TheBoy,6,db1c7de4,
en,line:093c757,Boy: He looks like he won't make it...,C:\Users\pluis\Documents\GitHub\Apocalypse\Apocalypse-Backup\ApocalypseGame\Assets\Dialogue\Basement_EN.yarn,TheBoy,7,ac4921e7,
en,line:0a9adc2,Boy: ...and is extremely dehydrated-,C:\Users\pluis\Documents\GitHub\Apocalypse\Apocalypse-Backup\ApocalypseGame\Assets\Dialogue\Basement_EN.yarn,TheBoy,9,da86a68d,Line metadata: lastline
en,line:0e68e89,Offer food and water,C:\Users\pluis\Documents\GitHub\Apocalypse\Apocalypse-Backup\ApocalypseGame\Assets\Dialogue\Basement_EN.yarn,TheBoy,10,b21e0c3b,
en,line:0f3a72f,"Boy: Oh, that's very nice of you...",C:\Users\pluis\Documents\GitHub\Apocalypse\Apocalypse-Backup\ApocalypseGame\Assets\Dialogue\Basement_EN.yarn,TheBoy,11,e13b02cb,
en,line:0cf66d9,Boy: But do you have enough for yourself?,C:\Users\pluis\Documents\GitHub\Apocalypse\Apocalypse-Backup\ApocalypseGame\Assets\Dialogue\Basement_EN.yarn,TheBoy,12,df1d925f,
en,line:005659a,"You: Just take it, he needs it more than me",C:\Users\pluis\Documents\GitHub\Apocalypse\Apocalypse-Backup\ApocalypseGame\Assets\Dialogue\Basement_EN.yarn,TheBoy,13,9e0ec789,
en,line:018860e,You give the boy the food and water you got from the cafeteria,C:\Users\pluis\Documents\GitHub\Apocalypse\Apocalypse-Backup\ApocalypseGame\Assets\Dialogue\Basement_EN.yarn,TheBoy,14,47b6a7c2,
en,line:0876843,He smiles at you,C:\Users\pluis\Documents\GitHub\Apocalypse\Apocalypse-Backup\ApocalypseGame\Assets\Dialogue\Basement_EN.yarn,TheBoy,16,fd4865c4,
en,line:0635381,Boy: ...Thank you again for helping me back there,C:\Users\pluis\Documents\GitHub\Apocalypse\Apocalypse-Backup\ApocalypseGame\Assets\Dialogue\Basement_EN.yarn,TheBoy,19,c7f6908d,
en,line:03ac6bd,You: It's no problem,C:\Users\pluis\Documents\GitHub\Apocalypse\Apocalypse-Backup\ApocalypseGame\Assets\Dialogue\Basement_EN.yarn,TheBoy,20,a3691190,
en,line:0d1a452,You: How is he doing?,C:\Users\pluis\Documents\GitHub\Apocalypse\Apocalypse-Backup\ApocalypseGame\Assets\Dialogue\Basement_EN.yarn,TheMen,25,c3439db6,
en,line:004a4ba,Man: I don't know...,C:\Users\pluis\Documents\GitHub\Apocalypse\Apocalypse-Backup\ApocalypseGame\Assets\Dialogue\Basement_EN.yarn,TheMen,26,49e66ff6,
en,line:02270a7,Man: I tried to bind his wounds as well as I could...,C:\Users\pluis\Documents\GitHub\Apocalypse\Apocalypse-Backup\ApocalypseGame\Assets\Dialogue\Basement_EN.yarn,TheMen,27,6109838f,
en,line:0643e0e,Man: ... I don't think he'll make it,C:\Users\pluis\Documents\GitHub\Apocalypse\Apocalypse-Backup\ApocalypseGame\Assets\Dialogue\Basement_EN.yarn,TheMen,28,301418d0,
en,line:003b3ad,You: How are you two?,C:\Users\pluis\Documents\GitHub\Apocalypse\Apocalypse-Backup\ApocalypseGame\Assets\Dialogue\Basement_EN.yarn,TheGirls,35,de0818f1,
en,line:0e1e86a,"""Jen"": It's... going...",C:\Users\pluis\Documents\GitHub\Apocalypse\Apocalypse-Backup\ApocalypseGame\Assets\Dialogue\Basement_EN.yarn,TheGirls,36,7a7f7572,
en,line:00ae2c7,Girl 1 just kind of looks at you and looks away,C:\Users\pluis\Documents\GitHub\Apocalypse\Apocalypse-Backup\ApocalypseGame\Assets\Dialogue\Basement_EN.yarn,TheGirls,37,f7242b7c,
en,line:007a90e,You: I see...,C:\Users\pluis\Documents\GitHub\Apocalypse\Apocalypse-Backup\ApocalypseGame\Assets\Dialogue\Basement_EN.yarn,TheGirls,38,c569f531,
en,line:0c9683e,"""Jen"": How long do we have to stay here?",C:\Users\pluis\Documents\GitHub\Apocalypse\Apocalypse-Backup\ApocalypseGame\Assets\Dialogue\Basement_EN.yarn,TheGirls,39,129768c5,Line metadata: lastline
en,line:09138cb,"""I don't know""",C:\Users\pluis\Documents\GitHub\Apocalypse\Apocalypse-Backup\ApocalypseGame\Assets\Dialogue\Basement_EN.yarn,TheGirls,40,65d3aef9,
en,line:03d69fc,You: I don't know~,C:\Users\pluis\Documents\GitHub\Apocalypse\Apocalypse-Backup\ApocalypseGame\Assets\Dialogue\Basement_EN.yarn,TheGirls,41,b502981c,
en,line:0f36bb9,"""Jen"": Oh-",C:\Users\pluis\Documents\GitHub\Apocalypse\Apocalypse-Backup\ApocalypseGame\Assets\Dialogue\Basement_EN.yarn,TheGirls,42,0b7488e4,
en,line:072405d,"""Jen"": b-but why did you send us here then?",C:\Users\pluis\Documents\GitHub\Apocalypse\Apocalypse-Backup\ApocalypseGame\Assets\Dialogue\Basement_EN.yarn,TheGirls,43,f0c6d7b3,
en,line:00316bf,"""Jen"": WHAT IF THEY NEVER FIND US?",C:\Users\pluis\Documents\GitHub\Apocalypse\Apocalypse-Backup\ApocalypseGame\Assets\Dialogue\Basement_EN.yarn,TheGirls,44,d1d0488d,
en,line:0b845de,"""Jen's"" eye fill with tears",C:\Users\pluis\Documents\GitHub\Apocalypse\Apocalypse-Backup\ApocalypseGame\Assets\Dialogue\Basement_EN.yarn,TheGirls,45,07f1ef21,
en,line:053d372,"Girl 1 turns to ""Jen"" to comfort her again",C:\Users\pluis\Documents\GitHub\Apocalypse\Apocalypse-Backup\ApocalypseGame\Assets\Dialogue\Basement_EN.yarn,TheGirls,46,e3168507,
en,line:0214ae4,"""For a looong time""",C:\Users\pluis\Documents\GitHub\Apocalypse\Apocalypse-Backup\ApocalypseGame\Assets\Dialogue\Basement_EN.yarn,TheGirls,47,6ab1e6a3,
en,line:0a25f40,You: For a looooong time,C:\Users\pluis\Documents\GitHub\Apocalypse\Apocalypse-Backup\ApocalypseGame\Assets\Dialogue\Basement_EN.yarn,TheGirls,48,dba838db,
en,line:012b8b8,Girl 1 looks at you in disbelieve,C:\Users\pluis\Documents\GitHub\Apocalypse\Apocalypse-Backup\ApocalypseGame\Assets\Dialogue\Basement_EN.yarn,TheGirls,49,4434df92,
en,line:00b6922,Girl 1: How DARE you make JOKES RIGHT NOW?,C:\Users\pluis\Documents\GitHub\Apocalypse\Apocalypse-Backup\ApocalypseGame\Assets\Dialogue\Basement_EN.yarn,TheGirls,50,6cd87fea,
en,line:09cce19,"Tears are welling up in ""Jen's"" eyes",C:\Users\pluis\Documents\GitHub\Apocalypse\Apocalypse-Backup\ApocalypseGame\Assets\Dialogue\Basement_EN.yarn,TheGirls,51,ea6baada,
en,line:058aa61,Girl 1: LOOK AT WHAT YOU'VE DONE,C:\Users\pluis\Documents\GitHub\Apocalypse\Apocalypse-Backup\ApocalypseGame\Assets\Dialogue\Basement_EN.yarn,TheGirls,52,3c95db6a,
en,line:0be96cd,"Girl 1 turns to ""Jen"" to comfort her again",C:\Users\pluis\Documents\GitHub\Apocalypse\Apocalypse-Backup\ApocalypseGame\Assets\Dialogue\Basement_EN.yarn,TheGirls,53,e3168507,
en,line:0e90f50,"""Until we get saved""",C:\Users\pluis\Documents\GitHub\Apocalypse\Apocalypse-Backup\ApocalypseGame\Assets\Dialogue\Basement_EN.yarn,TheGirls,54,c9ea89b2,
en,line:0d90231,You: Until we get saved,C:\Users\pluis\Documents\GitHub\Apocalypse\Apocalypse-Backup\ApocalypseGame\Assets\Dialogue\Basement_EN.yarn,TheGirls,55,0e67cc3a,
en,line:085bb59,Girl 1: But... that could take... FOREVER,C:\Users\pluis\Documents\GitHub\Apocalypse\Apocalypse-Backup\ApocalypseGame\Assets\Dialogue\Basement_EN.yarn,TheGirls,56,e80f46e6,
en,line:0c8d754,Girl 1: WHAT IF THEY NEVER FIND US?,C:\Users\pluis\Documents\GitHub\Apocalypse\Apocalypse-Backup\ApocalypseGame\Assets\Dialogue\Basement_EN.yarn,TheGirls,57,09d91538,
en,line:0542392,"""Jen"" looks like she's about to cry again",C:\Users\pluis\Documents\GitHub\Apocalypse\Apocalypse-Backup\ApocalypseGame\Assets\Dialogue\Basement_EN.yarn,TheGirls,58,3ec05455,
en,line:0c2c5eb,"Girl 1 looks panicked for a moment, then turns to comfort Jen",C:\Users\pluis\Documents\GitHub\Apocalypse\Apocalypse-Backup\ApocalypseGame\Assets\Dialogue\Basement_EN.yarn,TheGirls,59,6cb79feb,
en,line:089e7ed,"Girl 1 is comforting ""Jen"" again",C:\Users\pluis\Documents\GitHub\Apocalypse\Apocalypse-Backup\ApocalypseGame\Assets\Dialogue\Basement_EN.yarn,TheGirls,62,e73fc4dc,
en,line:05bcaf3,She looks angry at you,C:\Users\pluis\Documents\GitHub\Apocalypse\Apocalypse-Backup\ApocalypseGame\Assets\Dialogue\Basement_EN.yarn,TheGirls,63,23db14af,
en,line:0ab8c67,You should probably leave them alone,C:\Users\pluis\Documents\GitHub\Apocalypse\Apocalypse-Backup\ApocalypseGame\Assets\Dialogue\Basement_EN.yarn,TheGirls,64,9ea7fe40,
en,line:08a6253,You: Are you two doing okay?,C:\Users\pluis\Documents\GitHub\Apocalypse\Apocalypse-Backup\ApocalypseGame\Assets\Dialogue\Cafeteria_EN.yarn,TalkGirls,4,14560e72,
en,line:058bbbc,"Girl 1: It's fine... just a big shock, that's all.",C:\Users\pluis\Documents\GitHub\Apocalypse\Apocalypse-Backup\ApocalypseGame\Assets\Dialogue\Cafeteria_EN.yarn,TalkGirls,5,9611a5a9,Line metadata: lastline
en,line:0db17ba,Talk to the other girl,C:\Users\pluis\Documents\GitHub\Apocalypse\Apocalypse-Backup\ApocalypseGame\Assets\Dialogue\Cafeteria_EN.yarn,TalkGirls,6,487efd8a,
en,line:060b8bd,You: Did you get hurt?,C:\Users\pluis\Documents\GitHub\Apocalypse\Apocalypse-Backup\ApocalypseGame\Assets\Dialogue\Cafeteria_EN.yarn,TalkGirls,7,ad180f9e,
en,line:0c8f156,The sobbing girl shakes her head.,C:\Users\pluis\Documents\GitHub\Apocalypse\Apocalypse-Backup\ApocalypseGame\Assets\Dialogue\Cafeteria_EN.yarn,TalkGirls,8,2ccee52c,
en,line:0c43264,Girl 2: I-It is j-j-just a small cut from the glass. Nothing b-bad...,C:\Users\pluis\Documents\GitHub\Apocalypse\Apocalypse-Backup\ApocalypseGame\Assets\Dialogue\Cafeteria_EN.yarn,TalkGirls,10,c9584fee,
en,line:0cbbba2,You: Ah...,C:\Users\pluis\Documents\GitHub\Apocalypse\Apocalypse-Backup\ApocalypseGame\Assets\Dialogue\Cafeteria_EN.yarn,TalkGirls,11,a31d7736,Line metadata: lastline
en,line:0dd198a,"""Why are you crying then?""",C:\Users\pluis\Documents\GitHub\Apocalypse\Apocalypse-Backup\ApocalypseGame\Assets\Dialogue\Cafeteria_EN.yarn,TalkGirls,12,5b8bb306,
en,line:001faae,"""It's not safe to stay here""",C:\Users\pluis\Documents\GitHub\Apocalypse\Apocalypse-Backup\ApocalypseGame\Assets\Dialogue\Cafeteria_EN.yarn,TalkGirls,14,ce8badb9,
en,line:03c17dd,"""Are you sure?""",C:\Users\pluis\Documents\GitHub\Apocalypse\Apocalypse-Backup\ApocalypseGame\Assets\Dialogue\Cafeteria_EN.yarn,TalkGirls,16,9793ac88,
en,line:03a3e69,"Girl 1: Yes, we're sure?! What do you want?",C:\Users\pluis\Documents\GitHub\Apocalypse\Apocalypse-Backup\ApocalypseGame\Assets\Dialogue\Cafeteria_EN.yarn,TalkGirls,17,1baa138a,Line metadata: lastline
en,line:046d38b,"""Nothing""",C:\Users\pluis\Documents\GitHub\Apocalypse\Apocalypse-Backup\ApocalypseGame\Assets\Dialogue\Cafeteria_EN.yarn,TalkGirls,18,c3d9a99f,
en,line:0d721a2,"""I just want to help you""",C:\Users\pluis\Documents\GitHub\Apocalypse\Apocalypse-Backup\ApocalypseGame\Assets\Dialogue\Cafeteria_EN.yarn,TalkGirls,20,421208f8,
en,line:0b692d2,"""I'll leave you to it""",C:\Users\pluis\Documents\GitHub\Apocalypse\Apocalypse-Backup\ApocalypseGame\Assets\Dialogue\Cafeteria_EN.yarn,TalkGirls,22,7990f28d,
en,line:01601af,You: Why are you crying then?,C:\Users\pluis\Documents\GitHub\Apocalypse\Apocalypse-Backup\ApocalypseGame\Assets\Dialogue\Cafeteria_EN.yarn,WhyCrying,28,e95d188b,
en,line:0e7a5eb,"The crying girl looks up at you, confused. Her eyes are red.",C:\Users\pluis\Documents\GitHub\Apocalypse\Apocalypse-Backup\ApocalypseGame\Assets\Dialogue\Cafeteria_EN.yarn,WhyCrying,30,f8d06b11,
en,line:0966b8f,The other girl stares at you dumbfounded.,C:\Users\pluis\Documents\GitHub\Apocalypse\Apocalypse-Backup\ApocalypseGame\Assets\Dialogue\Cafeteria_EN.yarn,WhyCrying,31,55aa0b33,
en,line:0c69403,Girl 1: ... because a bomb just exploded?!? In what world is that not a good reason to cry?!,C:\Users\pluis\Documents\GitHub\Apocalypse\Apocalypse-Backup\ApocalypseGame\Assets\Dialogue\Cafeteria_EN.yarn,WhyCrying,32,ee990dcd,
en,line:0ef9ec0,Girl 1: We might not be able to see our family ever again!,C:\Users\pluis\Documents\GitHub\Apocalypse\Apocalypse-Backup\ApocalypseGame\Assets\Dialogue\Cafeteria_EN.yarn,WhyCrying,33,7a20a31b,Line metadata: lastline
en,line:0068e07,"""It's not safe to stay here""",C:\Users\pluis\Documents\GitHub\Apocalypse\Apocalypse-Backup\ApocalypseGame\Assets\Dialogue\Cafeteria_EN.yarn,WhyCrying,34,ce8badb9,
en,line:059effe,"""Oh... I'm sorry...""",C:\Users\pluis\Documents\GitHub\Apocalypse\Apocalypse-Backup\ApocalypseGame\Assets\Dialogue\Cafeteria_EN.yarn,WhyCrying,36,eb5b7f05,
en,line:0d90c5e,"You: I'm- sorry, I didn't mean for it to come out that way...",C:\Users\pluis\Documents\GitHub\Apocalypse\Apocalypse-Backup\ApocalypseGame\Assets\Dialogue\Cafeteria_EN.yarn,ImSorry,43,2e0bd940,
en,line:02942bc,Girl 1: What do you want from us,C:\Users\pluis\Documents\GitHub\Apocalypse\Apocalypse-Backup\ApocalypseGame\Assets\Dialogue\Cafeteria_EN.yarn,ImSorry,44,c152bfd7,Line metadata: lastline
en,line:0eda5b9,"""Nothing""",C:\Users\pluis\Documents\GitHub\Apocalypse\Apocalypse-Backup\ApocalypseGame\Assets\Dialogue\Cafeteria_EN.yarn,ImSorry,45,c3d9a99f,
en,line:040e938,"""I just want to help you""",C:\Users\pluis\Documents\GitHub\Apocalypse\Apocalypse-Backup\ApocalypseGame\Assets\Dialogue\Cafeteria_EN.yarn,ImSorry,47,421208f8,
en,line:0939935,You: Nothing!,C:\Users\pluis\Documents\GitHub\Apocalypse\Apocalypse-Backup\ApocalypseGame\Assets\Dialogue\Cafeteria_EN.yarn,Nothing,54,ef25e14b,
en,line:0279099,Girl 1: Just- leave us alone then.,C:\Users\pluis\Documents\GitHub\Apocalypse\Apocalypse-Backup\ApocalypseGame\Assets\Dialogue\Cafeteria_EN.yarn,Nothing,55,d3b65e19,
en,line:0ec823d,You: I just want to help you!,C:\Users\pluis\Documents\GitHub\Apocalypse\Apocalypse-Backup\ApocalypseGame\Assets\Dialogue\Cafeteria_EN.yarn,HelpYou,61,0660c11f,
en,line:0364861,Girl 1: How?,C:\Users\pluis\Documents\GitHub\Apocalypse\Apocalypse-Backup\ApocalypseGame\Assets\Dialogue\Cafeteria_EN.yarn,HelpYou,62,1e4c0a3e,Line metadata: lastline
en,line:0ee29e3,"""It's not safe to stay here""",C:\Users\pluis\Documents\GitHub\Apocalypse\Apocalypse-Backup\ApocalypseGame\Assets\Dialogue\Cafeteria_EN.yarn,HelpYou,63,ce8badb9,
en,line:02a92bc,You: It's not safe to stay here,C:\Users\pluis\Documents\GitHub\Apocalypse\Apocalypse-Backup\ApocalypseGame\Assets\Dialogue\Cafeteria_EN.yarn,NotSafeToStay,71,d439700c,
en,line:0369a76,Girl 1: Where are we supposed to go then?,C:\Users\pluis\Documents\GitHub\Apocalypse\Apocalypse-Backup\ApocalypseGame\Assets\Dialogue\Cafeteria_EN.yarn,NotSafeToStay,72,523877ef,Line metadata: lastline
en,line:0638baf,"""Seek help""",C:\Users\pluis\Documents\GitHub\Apocalypse\Apocalypse-Backup\ApocalypseGame\Assets\Dialogue\Cafeteria_EN.yarn,NotSafeToStay,73,2f3241fb,
en,line:07f9d0a,You: You should probably seek help. Some people outside must know what to do.,C:\Users\pluis\Documents\GitHub\Apocalypse\Apocalypse-Backup\ApocalypseGame\Assets\Dialogue\Cafeteria_EN.yarn,NotSafeToStay,74,3536498b,
en,line:0ff0de7,Girl 1: Why would we listen to you? You've been very nice kind to us.,C:\Users\pluis\Documents\GitHub\Apocalypse\Apocalypse-Backup\ApocalypseGame\Assets\Dialogue\Cafeteria_EN.yarn,NotSafeToStay,75,2f48c37f,
en,line:0c2a5ae,You: I and no one in this place will be able to help you survive.,C:\Users\pluis\Documents\GitHub\Apocalypse\Apocalypse-Backup\ApocalypseGame\Assets\Dialogue\Cafeteria_EN.yarn,NotSafeToStay,76,a2352600,
en,line:0b630aa,"You: If you want to see your family again, you should probably find someone who can. Or do you not want to see them again?",C:\Users\pluis\Documents\GitHub\Apocalypse\Apocalypse-Backup\ApocalypseGame\Assets\Dialogue\Cafeteria_EN.yarn,NotSafeToStay,77,40efda4f,
en,line:026c8aa,Girl 1: ...,C:\Users\pluis\Documents\GitHub\Apocalypse\Apocalypse-Backup\ApocalypseGame\Assets\Dialogue\Cafeteria_EN.yarn,NotSafeToStay,78,7bf3acbd,
en,line:03140fd,Girl 1:... We'll go find help then.... Come on Jen.,C:\Users\pluis\Documents\GitHub\Apocalypse\Apocalypse-Backup\ApocalypseGame\Assets\Dialogue\Cafeteria_EN.yarn,NotSafeToStay,79,dc995a21,
en,line:0d2b8e7,"""Go to the basement""",C:\Users\pluis\Documents\GitHub\Apocalypse\Apocalypse-Backup\ApocalypseGame\Assets\Dialogue\Cafeteria_EN.yarn,NotSafeToStay,87,6f54471d,
en,line:0cea00f,You: It's safer in the basement. The walls should keep out most of the dangerous radiation.,C:\Users\pluis\Documents\GitHub\Apocalypse\Apocalypse-Backup\ApocalypseGame\Assets\Dialogue\Cafeteria_EN.yarn,NotSafeToStay,88,5c31a870,
en,line:0bd0ff3,Girl 1: Why would we listen to you? You've not been very nice to us.,C:\Users\pluis\Documents\GitHub\Apocalypse\Apocalypse-Backup\ApocalypseGame\Assets\Dialogue\Cafeteria_EN.yarn,NotSafeToStay,89,0ec29c1b,
en,line:0fdc6c2,You: If you stay here you will surely die of radiation poisoning! In the basement you might have a bit more chance of survival.,C:\Users\pluis\Documents\GitHub\Apocalypse\Apocalypse-Backup\ApocalypseGame\Assets\Dialogue\Cafeteria_EN.yarn,NotSafeToStay,90,fc362dac,
en,line:05bd925,You: You might be able to see your family again once this is all over. Or do you not want to see them?,C:\Users\pluis\Documents\GitHub\Apocalypse\Apocalypse-Backup\ApocalypseGame\Assets\Dialogue\Cafeteria_EN.yarn,NotSafeToStay,91,e0a3d050,
en,line:0f87748,Girl 1: ...,C:\Users\pluis\Documents\GitHub\Apocalypse\Apocalypse-Backup\ApocalypseGame\Assets\Dialogue\Cafeteria_EN.yarn,NotSafeToStay,92,7bf3acbd,
en,line:06fde65,Girl 1: We'll go to the basement then... Come on Jen.,C:\Users\pluis\Documents\GitHub\Apocalypse\Apocalypse-Backup\ApocalypseGame\Assets\Dialogue\Cafeteria_EN.yarn,NotSafeToStay,93,4a172fc0,
en,line:0ac0c41,You grabbed some food and water,C:\Users\pluis\Documents\GitHub\Apocalypse\Apocalypse-Backup\ApocalypseGame\Assets\Dialogue\Cafeteria_EN.yarn,GrabFood,107,269cfd1e,
en,line:0465a31,You notice the first aid kit behind the counter is missing,C:\Users\pluis\Documents\GitHub\Apocalypse\Apocalypse-Backup\ApocalypseGame\Assets\Dialogue\Cafeteria_EN.yarn,GrabFood,108,3944cb9f,
en,line:0930281,You: Are you okay?,C:\Users\pluis\Documents\GitHub\Apocalypse\Apocalypse-Backup\ApocalypseGame\Assets\Dialogue\Hallway_EN.yarn,TalkBoy,4,45685d8b,
en,line:02c4e94,The boy doesn't respond,C:\Users\pluis\Documents\GitHub\Apocalypse\Apocalypse-Backup\ApocalypseGame\Assets\Dialogue\Hallway_EN.yarn,TalkBoy,5,c8192bea,Line metadata: lastline
en,line:0cea63e,Snap out of it,C:\Users\pluis\Documents\GitHub\Apocalypse\Apocalypse-Backup\ApocalypseGame\Assets\Dialogue\Hallway_EN.yarn,TalkBoy,6,60e5fae7,
en,line:068b697,"You: HEY, SNAP OUT OF IT",C:\Users\pluis\Documents\GitHub\Apocalypse\Apocalypse-Backup\ApocalypseGame\Assets\Dialogue\Hallway_EN.yarn,TalkBoy,7,6ce0ef72,
en,line:068a9c1,You slap the boy.,C:\Users\pluis\Documents\GitHub\Apocalypse\Apocalypse-Backup\ApocalypseGame\Assets\Dialogue\Hallway_EN.yarn,TalkBoy,9,f122b401,
en,line:0996a29,He looks up at you in shock...,C:\Users\pluis\Documents\GitHub\Apocalypse\Apocalypse-Backup\ApocalypseGame\Assets\Dialogue\Hallway_EN.yarn,TalkBoy,10,b1aaec49,
en,line:0e6cebc,Boy: WHAT IS WRONG WITH YOU?!?,C:\Users\pluis\Documents\GitHub\Apocalypse\Apocalypse-Backup\ApocalypseGame\Assets\Dialogue\Hallway_EN.yarn,TalkBoy,11,54243647,
en,line:048874f,Help him,C:\Users\pluis\Documents\GitHub\Apocalypse\Apocalypse-Backup\ApocalypseGame\Assets\Dialogue\Hallway_EN.yarn,TalkBoy,15,aff70509,
en,line:086a13f,You sit down next to the boy. He keeps hyperventilating and staring at the floor. There are tears in his eyes.,C:\Users\pluis\Documents\GitHub\Apocalypse\Apocalypse-Backup\ApocalypseGame\Assets\Dialogue\Hallway_EN.yarn,TalkBoy,18,d9413d24,
en,line:0f14fa4,"You: It is important for you to breathe, I can help you with that.",C:\Users\pluis\Documents\GitHub\Apocalypse\Apocalypse-Backup\ApocalypseGame\Assets\Dialogue\Hallway_EN.yarn,TalkBoy,19,153c2a39,
en,line:0831592,You: Just do as I do,C:\Users\pluis\Documents\GitHub\Apocalypse\Apocalypse-Backup\ApocalypseGame\Assets\Dialogue\Hallway_EN.yarn,TalkBoy,20,edd7baa8,
en,line:0005b1b,You: Inhale... 2... 3... 4...,C:\Users\pluis\Documents\GitHub\Apocalypse\Apocalypse-Backup\ApocalypseGame\Assets\Dialogue\Hallway_EN.yarn,TalkBoy,21,91435c4d,
en,line:0447449,You: Hold... 2... 3... 4... 5... 6... 7...,C:\Users\pluis\Documents\GitHub\Apocalypse\Apocalypse-Backup\ApocalypseGame\Assets\Dialogue\Hallway_EN.yarn,TalkBoy,22,c14ef49a,
en,line:093054b,You: Exhale... 2... 3... 4... 5... 6... 7... 8...,C:\Users\pluis\Documents\GitHub\Apocalypse\Apocalypse-Backup\ApocalypseGame\Assets\Dialogue\Hallway_EN.yarn,TalkBoy,23,263c8779,
en,line:0526120,The boy joins in.,C:\Users\pluis\Documents\GitHub\Apocalypse\Apocalypse-Backup\ApocalypseGame\Assets\Dialogue\Hallway_EN.yarn,TalkBoy,24,622c369a,
en,line:062613d,You keep counting and breathing until you notice the boy has calmed down.,C:\Users\pluis\Documents\GitHub\Apocalypse\Apocalypse-Backup\ApocalypseGame\Assets\Dialogue\Hallway_EN.yarn,TalkBoy,25,218acd6e,
en,line:0ae2298,You: Is that better?,C:\Users\pluis\Documents\GitHub\Apocalypse\Apocalypse-Backup\ApocalypseGame\Assets\Dialogue\Hallway_EN.yarn,TalkBoy,26,c62236cd,
en,line:0c02775,The boy nods slightly,C:\Users\pluis\Documents\GitHub\Apocalypse\Apocalypse-Backup\ApocalypseGame\Assets\Dialogue\Hallway_EN.yarn,TalkBoy,27,a80fa562,Line metadata: lastline
en,line:02b061d,"""You should find some help""",C:\Users\pluis\Documents\GitHub\Apocalypse\Apocalypse-Backup\ApocalypseGame\Assets\Dialogue\Hallway_EN.yarn,TalkBoy,28,846eefff,
en,line:00eaa9c,You: You should probably seek help. Some people outside must know what to do.,C:\Users\pluis\Documents\GitHub\Apocalypse\Apocalypse-Backup\ApocalypseGame\Assets\Dialogue\Hallway_EN.yarn,TalkBoy,29,3536498b,
en,line:0fa349b,The boy gives a nod,C:\Users\pluis\Documents\GitHub\Apocalypse\Apocalypse-Backup\ApocalypseGame\Assets\Dialogue\Hallway_EN.yarn,TalkBoy,30,6e6b22ca,
en,line:0a6472c,Boy: <i>Thank you...</i>,C:\Users\pluis\Documents\GitHub\Apocalypse\Apocalypse-Backup\ApocalypseGame\Assets\Dialogue\Hallway_EN.yarn,TalkBoy,31,91b4d648,
en,line:0f2a45f,Send him to the basement,C:\Users\pluis\Documents\GitHub\Apocalypse\Apocalypse-Backup\ApocalypseGame\Assets\Dialogue\Hallway_EN.yarn,TalkBoy,35,b97eb95d,
en,line:0142f6c,You: It's safer in the basement. The walls should keep out most of the dangerous radiation.,C:\Users\pluis\Documents\GitHub\Apocalypse\Apocalypse-Backup\ApocalypseGame\Assets\Dialogue\Hallway_EN.yarn,TalkBoy,36,5c31a870,
en,line:0d07b19,The boy gives a nod,C:\Users\pluis\Documents\GitHub\Apocalypse\Apocalypse-Backup\ApocalypseGame\Assets\Dialogue\Hallway_EN.yarn,TalkBoy,37,6e6b22ca,
en,line:0b83472,Boy: <i>Thank you...</i>,C:\Users\pluis\Documents\GitHub\Apocalypse\Apocalypse-Backup\ApocalypseGame\Assets\Dialogue\Hallway_EN.yarn,TalkBoy,38,91b4d648,
en,line:0ae1db1,<i>Ow... My head...</i>,C:\Users\pluis\Documents\GitHub\Apocalypse\Apocalypse-Backup\ApocalypseGame\Assets\Dialogue\Other_EN.yarn,Start,10,be4cb61b,
en,line:07aabb9,<i>...</i>,C:\Users\pluis\Documents\GitHub\Apocalypse\Apocalypse-Backup\ApocalypseGame\Assets\Dialogue\Other_EN.yarn,Start,12,411eed52,
en,line:08df100,<i>... Did a bomb just explode?</i>,C:\Users\pluis\Documents\GitHub\Apocalypse\Apocalypse-Backup\ApocalypseGame\Assets\Dialogue\Other_EN.yarn,Start,13,44aff425,
en,line:0c8e87f,<i>How long was I out for?</i>,C:\Users\pluis\Documents\GitHub\Apocalypse\Apocalypse-Backup\ApocalypseGame\Assets\Dialogue\Other_EN.yarn,Start,14,0df595ef,
en,line:049844d,<i>I need to get out of here!</i>,C:\Users\pluis\Documents\GitHub\Apocalypse\Apocalypse-Backup\ApocalypseGame\Assets\Dialogue\Other_EN.yarn,Start,15,87c8e675,
en,line:0f57c65,<i>...</i>,C:\Users\pluis\Documents\GitHub\Apocalypse\Apocalypse-Backup\ApocalypseGame\Assets\Dialogue\Other_EN.yarn,Start,16,411eed52,
en,line:018f1cd,<i>Where is Michael?</i>,C:\Users\pluis\Documents\GitHub\Apocalypse\Apocalypse-Backup\ApocalypseGame\Assets\Dialogue\Other_EN.yarn,Start,17,e15f469d,
en,line:0855f00,<i>He was just here</i>,C:\Users\pluis\Documents\GitHub\Apocalypse\Apocalypse-Backup\ApocalypseGame\Assets\Dialogue\Other_EN.yarn,Start,18,5de6141a,
en,line:0c18527,<i>I probably shouldn't jump through this...</i>,C:\Users\pluis\Documents\GitHub\Apocalypse\Apocalypse-Backup\ApocalypseGame\Assets\Dialogue\Other_EN.yarn,WindowJumpLow,27,836ecd35,
en,line:06286b2,<i>The glass could cut me...</i>,C:\Users\pluis\Documents\GitHub\Apocalypse\Apocalypse-Backup\ApocalypseGame\Assets\Dialogue\Other_EN.yarn,WindowJumpLow,28,eb7ae1e4,
en,line:04cbc40,<b><u>Do you really want to jump through a window that badly?</u></b>,C:\Users\pluis\Documents\GitHub\Apocalypse\Apocalypse-Backup\ApocalypseGame\Assets\Dialogue\Other_EN.yarn,WindowJumpLow,31,c5da2d41,Line metadata: lastline
en,line:042a1ac,Yes,C:\Users\pluis\Documents\GitHub\Apocalypse\Apocalypse-Backup\ApocalypseGame\Assets\Dialogue\Other_EN.yarn,WindowJumpLow,32,85a39ab3,
en,line:0f68603,"<b>Fine, have it your way</b>",C:\Users\pluis\Documents\GitHub\Apocalypse\Apocalypse-Backup\ApocalypseGame\Assets\Dialogue\Other_EN.yarn,WindowJumpLow,33,cbcc3855,
en,line:01bb2a3,No,C:\Users\pluis\Documents\GitHub\Apocalypse\Apocalypse-Backup\ApocalypseGame\Assets\Dialogue\Other_EN.yarn,WindowJumpLow,36,1ea442a1,
en,line:09eb644,<b>Then stop jumping AGAINST THE WINDOW</b>,C:\Users\pluis\Documents\GitHub\Apocalypse\Apocalypse-Backup\ApocalypseGame\Assets\Dialogue\Other_EN.yarn,WindowJumpLow,37,65f7df8c,
en,line:0502d3e,OW-,C:\Users\pluis\Documents\GitHub\Apocalypse\Apocalypse-Backup\ApocalypseGame\Assets\Dialogue\Other_EN.yarn,WindowCut,43,c9bb3b89,
en,line:09799a9,You cut yourself on the glass,C:\Users\pluis\Documents\GitHub\Apocalypse\Apocalypse-Backup\ApocalypseGame\Assets\Dialogue\Other_EN.yarn,WindowCut,44,1dee328a,
en,line:0a74251,<i>I probably shouldn't jump through this...</i>,C:\Users\pluis\Documents\GitHub\Apocalypse\Apocalypse-Backup\ApocalypseGame\Assets\Dialogue\Other_EN.yarn,WindowJumpHigh,49,836ecd35,
en,line:0ed70c2,<i>Won't get far with broken legs</i>,C:\Users\pluis\Documents\GitHub\Apocalypse\Apocalypse-Backup\ApocalypseGame\Assets\Dialogue\Other_EN.yarn,WindowJumpHigh,50,0ebc943e,
en,line:043359f,<b><u>Are you sure you want to leave?</u></b>,C:\Users\pluis\Documents\GitHub\Apocalypse\Apocalypse-Backup\ApocalypseGame\Assets\Dialogue\Other_EN.yarn,LeaveBorder,55,06073775,Line metadata: lastline
en,line:0420019,Yes (end of this part of the story),C:\Users\pluis\Documents\GitHub\Apocalypse\Apocalypse-Backup\ApocalypseGame\Assets\Dialogue\Other_EN.yarn,LeaveBorder,56,5ea348c4,
en,line:0c58f67,<i>just imagine you leave the school area and are able to walk around the town</i>,C:\Users\pluis\Documents\GitHub\Apocalypse\Apocalypse-Backup\ApocalypseGame\Assets\Dialogue\Other_EN.yarn,LeaveBorder,57,4b2f649d,
en,line:04f88fe,No,C:\Users\pluis\Documents\GitHub\Apocalypse\Apocalypse-Backup\ApocalypseGame\Assets\Dialogue\Other_EN.yarn,LeaveBorder,58,1ea442a1,
en,line:085a67d,<i>The door is locked...</i>,C:\Users\pluis\Documents\GitHub\Apocalypse\Apocalypse-Backup\ApocalypseGame\Assets\Dialogue\Other_EN.yarn,EnterBasement,66,b2cdceb3,
en,line:0157aaa,<b><u>What do you want to do?</b></u>,C:\Users\pluis\Documents\GitHub\Apocalypse\Apocalypse-Backup\ApocalypseGame\Assets\Dialogue\Other_EN.yarn,ExitBasement,72,b4d58759,Line metadata: lastline
en,line:063e4de,Leave the basement,C:\Users\pluis\Documents\GitHub\Apocalypse\Apocalypse-Backup\ApocalypseGame\Assets\Dialogue\Other_EN.yarn,ExitBasement,73,584e1910,
en,line:01b9a58,Close off the basement (end of this part of the story),C:\Users\pluis\Documents\GitHub\Apocalypse\Apocalypse-Backup\ApocalypseGame\Assets\Dialogue\Other_EN.yarn,ExitBasement,75,e2225cf7,
en,line:0456b0e,<i>just imagine you board up the basement entrance and stay inside with the other people</i>,C:\Users\pluis\Documents\GitHub\Apocalypse\Apocalypse-Backup\ApocalypseGame\Assets\Dialogue\Other_EN.yarn,ExitBasement,77,5247bc0c,
en,line:0ce825b,<i>just imagine you board up the basement entrance and stay inside</i>,C:\Users\pluis\Documents\GitHub\Apocalypse\Apocalypse-Backup\ApocalypseGame\Assets\Dialogue\Other_EN.yarn,ExitBasement,79,be5b49e1,
en,line:022adc6,"None of you will be able to leave until the rescue services come, or one of you breaks open the barrier.",C:\Users\pluis\Documents\GitHub\Apocalypse\Apocalypse-Backup\ApocalypseGame\Assets\Dialogue\Other_EN.yarn,ExitBasement,81,f2228a7a,
en,line:0cac94f,"The Arcweave story continues from this point onwards, with Michael showing up at some point.",C:\Users\pluis\Documents\GitHub\Apocalypse\Apocalypse-Backup\ApocalypseGame\Assets\Dialogue\Other_EN.yarn,ExitBasement,82,fdf2d99f,
en,line:0d98fd6,<i>This is Michaels bag...</i>,C:\Users\pluis\Documents\GitHub\Apocalypse\Apocalypse-Backup\ApocalypseGame\Assets\Dialogue\Other_EN.yarn,Bag,90,0c6965f4,
en,line:0988279,<i>He has been here</i>,C:\Users\pluis\Documents\GitHub\Apocalypse\Apocalypse-Backup\ApocalypseGame\Assets\Dialogue\Other_EN.yarn,Bag,91,950420e4,
en,line:0bb19cf,<i>Michaels shoe...</i>,C:\Users\pluis\Documents\GitHub\Apocalypse\Apocalypse-Backup\ApocalypseGame\Assets\Dialogue\Other_EN.yarn,Shoe,100,71c22c9b,
en,line:05d7eec,<i>... How did he not notice he lost it?</i>,C:\Users\pluis\Documents\GitHub\Apocalypse\Apocalypse-Backup\ApocalypseGame\Assets\Dialogue\Other_EN.yarn,Shoe,101,6221e261,
en,line:0947133,<i>Why is there a book here?</i>,C:\Users\pluis\Documents\GitHub\Apocalypse\Apocalypse-Backup\ApocalypseGame\Assets\Dialogue\Other_EN.yarn,Book,110,2bd97fea,
en,line:0fbedea,You open it,C:\Users\pluis\Documents\GitHub\Apocalypse\Apocalypse-Backup\ApocalypseGame\Assets\Dialogue\Other_EN.yarn,Book,111,2c84fa40,
en,line:0d9dd28,<i>...</i>,C:\Users\pluis\Documents\GitHub\Apocalypse\Apocalypse-Backup\ApocalypseGame\Assets\Dialogue\Other_EN.yarn,Book,112,411eed52,
en,line:0883808,<i>It's Michael's!</i>,C:\Users\pluis\Documents\GitHub\Apocalypse\Apocalypse-Backup\ApocalypseGame\Assets\Dialogue\Other_EN.yarn,Book,113,1a173f10,
en,line:0a8621f,<i>I found the key!</i>,C:\Users\pluis\Documents\GitHub\Apocalypse\Apocalypse-Backup\ApocalypseGame\Assets\Dialogue\Other_EN.yarn,Key,123,f9623e07,
en,line:07fe572,<i>Now I can open the basement</i>,C:\Users\pluis\Documents\GitHub\Apocalypse\Apocalypse-Backup\ApocalypseGame\Assets\Dialogue\Other_EN.yarn,Key,124,cf40ed1e,
en,line:088921b,<i>It's a key...</i>,C:\Users\pluis\Documents\GitHub\Apocalypse\Apocalypse-Backup\ApocalypseGame\Assets\Dialogue\Other_EN.yarn,Key,126,4c31dc20,
en,line:07b5745,<i>What is it for?</i>,C:\Users\pluis\Documents\GitHub\Apocalypse\Apocalypse-Backup\ApocalypseGame\Assets\Dialogue\Other_EN.yarn,Key,127,6f1bd3ff,
en,line:0a5aba5,"<i>I've been everywhere, where is he??</i>",C:\Users\pluis\Documents\GitHub\Apocalypse\Apocalypse-Backup\ApocalypseGame\Assets\Dialogue\Other_EN.yarn,MichaelClue,133,2f9ca68e,
en,line:00a9ef5,<i>Maybe he's in the basement?</i>,C:\Users\pluis\Documents\GitHub\Apocalypse\Apocalypse-Backup\ApocalypseGame\Assets\Dialogue\Other_EN.yarn,MichaelClue,134,b5999ca6,
en,line:03d81af,<i>At least I have the key</i>,C:\Users\pluis\Documents\GitHub\Apocalypse\Apocalypse-Backup\ApocalypseGame\Assets\Dialogue\Other_EN.yarn,MichaelClue,136,4b1799ca,
en,line:0019ba6,<i>I will need a key though...</i>,C:\Users\pluis\Documents\GitHub\Apocalypse\Apocalypse-Backup\ApocalypseGame\Assets\Dialogue\Other_EN.yarn,MichaelClue,138,5b7290d1,
en,line:0f7e874,The man is struggling to get an unconscious person out of the building.,C:\Users\pluis\Documents\GitHub\Apocalypse\Apocalypse-Backup\ApocalypseGame\Assets\Dialogue\Outside_EN.yarn,TalkMan,6,be0f5d4b,
en,line:00a5068,They are covered in severe burns and their skin looks like its about to fall off.,C:\Users\pluis\Documents\GitHub\Apocalypse\Apocalypse-Backup\ApocalypseGame\Assets\Dialogue\Outside_EN.yarn,TalkMan,7,edd88ac2,
en,line:0bac5e0,"Man: Please help me, the building is about to collapse!",C:\Users\pluis\Documents\GitHub\Apocalypse\Apocalypse-Backup\ApocalypseGame\Assets\Dialogue\Outside_EN.yarn,TalkMan,8,4c3bbfb1,Line metadata: lastline
en,line:0690a42,Help him,C:\Users\pluis\Documents\GitHub\Apocalypse\Apocalypse-Backup\ApocalypseGame\Assets\Dialogue\Outside_EN.yarn,TalkMan,9,aff70509,
en,line:04b620e,Leave him,C:\Users\pluis\Documents\GitHub\Apocalypse\Apocalypse-Backup\ApocalypseGame\Assets\Dialogue\Outside_EN.yarn,TalkMan,18,14c83e76,
en,line:0ff146b,You wrap your arms around the unconscious persons chest and pull with your full bodyweight.,C:\Users\pluis\Documents\GitHub\Apocalypse\Apocalypse-Backup\ApocalypseGame\Assets\Dialogue\Outside_EN.yarn,AfterHelp,29,f1ea453a,
en,line:09f33b3,After a while you two finally get the person out of the burning building.,C:\Users\pluis\Documents\GitHub\Apocalypse\Apocalypse-Backup\ApocalypseGame\Assets\Dialogue\Outside_EN.yarn,AfterHelp,30,a88dbbff,
en,line:034521c,Man: We need to get him somewhere safe.,C:\Users\pluis\Documents\GitHub\Apocalypse\Apocalypse-Backup\ApocalypseGame\Assets\Dialogue\Outside_EN.yarn,AfterHelp,31,c3757d57,
en,line:0065c19,"Man: If we don't treat these burns soon, he will die.",C:\Users\pluis\Documents\GitHub\Apocalypse\Apocalypse-Backup\ApocalypseGame\Assets\Dialogue\Outside_EN.yarn,AfterHelp,32,5720e1c8,Line metadata: lastline
en,line:060c9b8,"""Go to the ER""",C:\Users\pluis\Documents\GitHub\Apocalypse\Apocalypse-Backup\ApocalypseGame\Assets\Dialogue\Outside_EN.yarn,AfterHelp,33,a3156458,
en,line:0562a17,"You: Take him to the ER in town, they can help.",C:\Users\pluis\Documents\GitHub\Apocalypse\Apocalypse-Backup\ApocalypseGame\Assets\Dialogue\Outside_EN.yarn,AfterHelp,34,db382d9e,
en,line:0ecbb55,Man: It is a long walk though... I'm not sure if I'm able to carry him that long,C:\Users\pluis\Documents\GitHub\Apocalypse\Apocalypse-Backup\ApocalypseGame\Assets\Dialogue\Outside_EN.yarn,AfterHelp,35,7e13c459,
en,line:039aa34,"You: You can also go to the school, but they only have first aid kits there.",C:\Users\pluis\Documents\GitHub\Apocalypse\Apocalypse-Backup\ApocalypseGame\Assets\Dialogue\Outside_EN.yarn,AfterHelp,36,9339f3f2,
en,line:0ba76d2,You: He needs better treatment than the stuff you get in those.,C:\Users\pluis\Documents\GitHub\Apocalypse\Apocalypse-Backup\ApocalypseGame\Assets\Dialogue\Outside_EN.yarn,AfterHelp,37,43a72123,
en,line:0983b7d,Man: ... you're right.,C:\Users\pluis\Documents\GitHub\Apocalypse\Apocalypse-Backup\ApocalypseGame\Assets\Dialogue\Outside_EN.yarn,AfterHelp,38,333252de,
en,line:0b0754e,He puts the burned man over his shoulders.,C:\Users\pluis\Documents\GitHub\Apocalypse\Apocalypse-Backup\ApocalypseGame\Assets\Dialogue\Outside_EN.yarn,AfterHelp,39,3c5a5c33,
en,line:0eb4c77,Man: Thank you for helping,C:\Users\pluis\Documents\GitHub\Apocalypse\Apocalypse-Backup\ApocalypseGame\Assets\Dialogue\Outside_EN.yarn,AfterHelp,40,5d4a5b60,
en,line:06c2302,"""Take him inside""",C:\Users\pluis\Documents\GitHub\Apocalypse\Apocalypse-Backup\ApocalypseGame\Assets\Dialogue\Outside_EN.yarn,AfterHelp,47,05bdf2e8,
en,line:0ba964e,You: Take him do the school.,C:\Users\pluis\Documents\GitHub\Apocalypse\Apocalypse-Backup\ApocalypseGame\Assets\Dialogue\Outside_EN.yarn,AfterHelp,48,561ded2a,
en,line:0bdb8c0,You: It's very close and it's safe there from the radiation and the fires.,C:\Users\pluis\Documents\GitHub\Apocalypse\Apocalypse-Backup\ApocalypseGame\Assets\Dialogue\Outside_EN.yarn,AfterHelp,49,c23b768e,
en,line:0fbd33e,"Man: Hmmmm, that could work...",C:\Users\pluis\Documents\GitHub\Apocalypse\Apocalypse-Backup\ApocalypseGame\Assets\Dialogue\Outside_EN.yarn,AfterHelp,50,95d2216b,
en,line:06a23c5,Man: ...But we won't have anything to treat his wounds with.,C:\Users\pluis\Documents\GitHub\Apocalypse\Apocalypse-Backup\ApocalypseGame\Assets\Dialogue\Outside_EN.yarn,AfterHelp,51,ef79b247,
en,line:07afc1a,"You: Normally there's a first aid kit in the cafeteria, but someone took it.",C:\Users\pluis\Documents\GitHub\Apocalypse\Apocalypse-Backup\ApocalypseGame\Assets\Dialogue\Outside_EN.yarn,AfterHelp,53,1c14892f,
en,line:0083c73,"You: I do know they keep another one in the basement, so you might want to take a look there.",C:\Users\pluis\Documents\GitHub\Apocalypse\Apocalypse-Backup\ApocalypseGame\Assets\Dialogue\Outside_EN.yarn,AfterHelp,54,f6b8a899,
en,line:0d18024,You: There should be a first aid kit in the cafeteria.,C:\Users\pluis\Documents\GitHub\Apocalypse\Apocalypse-Backup\ApocalypseGame\Assets\Dialogue\Outside_EN.yarn,AfterHelp,56,7874f879,
en,line:0efda6d,You: Something in there must help against burns.,C:\Users\pluis\Documents\GitHub\Apocalypse\Apocalypse-Backup\ApocalypseGame\Assets\Dialogue\Outside_EN.yarn,AfterHelp,57,87ab090e,
en,line:015a4fd,Man: I'm not sure if that's good enough for these burns... these need hospital treatment,C:\Users\pluis\Documents\GitHub\Apocalypse\Apocalypse-Backup\ApocalypseGame\Assets\Dialogue\Outside_EN.yarn,AfterHelp,59,57f74758,
en,line:06b80eb,You: I don't think there are many other options... You will have to wait for the rescue services.,C:\Users\pluis\Documents\GitHub\Apocalypse\Apocalypse-Backup\ApocalypseGame\Assets\Dialogue\Outside_EN.yarn,AfterHelp,60,906d42b7,
en,line:0c9a172,Man: ...,C:\Users\pluis\Documents\GitHub\Apocalypse\Apocalypse-Backup\ApocalypseGame\Assets\Dialogue\Outside_EN.yarn,AfterHelp,61,6dc36238,
en,line:00f537a,Man: We will take a look.,C:\Users\pluis\Documents\GitHub\Apocalypse\Apocalypse-Backup\ApocalypseGame\Assets\Dialogue\Outside_EN.yarn,AfterHelp,62,75fe515e,
en,line:06ff458,Man: It's better than nothing at least,C:\Users\pluis\Documents\GitHub\Apocalypse\Apocalypse-Backup\ApocalypseGame\Assets\Dialogue\Outside_EN.yarn,AfterHelp,63,b71bcb0b,
en,line:0aa075d,He puts the burned man over his shoulders.,C:\Users\pluis\Documents\GitHub\Apocalypse\Apocalypse-Backup\ApocalypseGame\Assets\Dialogue\Outside_EN.yarn,AfterHelp,64,3c5a5c33,
en,line:00ead83,Man: Thank you for helping,C:\Users\pluis\Documents\GitHub\Apocalypse\Apocalypse-Backup\ApocalypseGame\Assets\Dialogue\Outside_EN.yarn,AfterHelp,65,5d4a5b60,
en,line:0eb6dc1,Man: I can't get him out like this,C:\Users\pluis\Documents\GitHub\Apocalypse\Apocalypse-Backup\ApocalypseGame\Assets\Dialogue\Outside_EN.yarn,AfterHelp,76,a08be9a1,
en,line:0f83a8b,Man: Help me clear the rubble,C:\Users\pluis\Documents\GitHub\Apocalypse\Apocalypse-Backup\ApocalypseGame\Assets\Dialogue\Outside_EN.yarn,AfterHelp,77,46fb75bb,
